{
  "executors": [],
  "processed_data": {
    "timestamp_bt": {
      "1710288000.0": 1710288000.0
    },
    "open_bt": {
      "1710288000.0": 71450.0
    },
    "high_bt": {
      "1710288000.0": 71481.7
    },
    "low_bt": {
      "1710288000.0": 71378.3
    },
    "close_bt": {
      "1710288000.0": 71378.3
    },
    "volume_bt": {
      "1710288000.0": 5.04561255
    },
    "quote_asset_volume_bt": {
      "1710288000.0": 360431.120633495
    },
    "n_trades_bt": {
      "1710288000.0": 0.0
    },
    "taker_buy_base_volume_bt": {
      "1710288000.0": 0.0
    },
    "taker_buy_quote_volume_bt": {
      "1710288000.0": 0.0
    },
    "timestamp": {
      "1710288000.0": 1710288000.0
    },
    "open": {
      "1710288000.0": 71450.0
    },
    "high": {
      "1710288000.0": 71481.7
    },
    "low": {
      "1710288000.0": 71378.3
    },
    "close": {
      "1710288000.0": 71378.3
    },
    "volume": {
      "1710288000.0": 5.04561255
    },
    "quote_asset_volume": {
      "1710288000.0": 360431.120633495
    },
    "n_trades": {
      "1710288000.0": 0.0
    },
    "taker_buy_base_volume": {
      "1710288000.0": 0.0
    },
    "taker_buy_quote_volume": {
      "1710288000.0": 0.0
    },
    "BBL_100_2.0": {
      "1710288000.0": 70661.66411983338
    },
    "BBM_100_2.0": {
      "1710288000.0": 71148.561
    },
    "BBU_100_2.0": {
      "1710288000.0": 71635.45788016662
    },
    "BBB_100_2.0": {
      "1710288000.0": 1.3686766768666472
    },
    "BBP_100_2.0": {
      "1710288000.0": 0.7359216184763631
    },
    "signal": {
      "1710288000.0": 0.0
    }
  },
  "results": {
    "note": "no trades",
    "trades": 0,
    "sharpe_ratio": 0
  },
  "config": {
    "id": "2ZtLDvH7V6nLYbFKEZFHDYaNqUvbzufE5Gj1S2nwzsUj",
    "controller_name": "bollinger_v1",
    "controller_type": "directional_trading",
    "total_amount_quote": 100,
    "manual_kill_switch": false,
    "candles_config": [
      {
        "connector": "kucoin",
        "trading_pair": "BTC-USDT",
        "interval": "3m",
        "max_records": 500
      }
    ],
    "initial_positions": [],
    "connector_name": "kucoin",
    "trading_pair": "BTC-USDT",
    "max_executors_per_side": 2,
    "cooldown_time": 300,
    "leverage": 20,
    "position_mode": "HEDGE",
    "stop_loss": 0.03,
    "take_profit": 0.02,
    "time_limit": 2700,
    "take_profit_order_type": 2,
    "trailing_stop": null,
    "candles_connector": "kucoin",
    "candles_trading_pair": "BTC-USDT",
    "interval": "3m",
    "bb_length": 100,
    "bb_std": 2.0,
    "bb_long_threshold": 0.0,
    "bb_short_threshold": 1.0
  },
  "event_log_csv": "results/event_logs/bollinger_v1_events.csv"
}